username,page,score
theengineersfm,wired,0.3
theengineersfm,techcrunch,0.3
mirhanealecian,digitaltrends,0.3
mirhanealecian,techcrunch,0.3
mirhanealecian,openai,0.3
lesniyowilly,techcrunch,0.3
lesniyowilly,insidertech,0.3
be_joyfulofficial,digitaltrends,0.3
be_joyfulofficial,techradar,0.3
be_joyfulofficial,techcrunch,0.3
be_joyfulofficial,cnet,0.3
the.financepage365,techcrunch,0.3
the.financepage365,insidertech,0.3
mbilals,digitaltrends,0.3
mbilals,techcrunch,0.3
holabjorn,wired,0.3
holabjorn,techcrunch,0.3
realtyjefe,wired,0.3
realtyjefe,techcrunch,0.3
realtyjefe,mashable,0.3
sussuaranaspeed,techcrunch,0.3
sussuaranaspeed,openai,0.3
jordan_andrew22,wired,0.3
jordan_andrew22,digitaltrends,0.3
jordan_andrew22,techcrunch,0.3
pasqualefloccari,verge,0.3
pasqualefloccari,techcrunch,0.3
_wen.ferr7,techcrunch,0.3
_wen.ferr7,insidertech,0.3
aptitude.io,wired,0.3
aptitude.io,techcrunch,0.3
taner_bugra_kaya,wired,0.3
taner_bugra_kaya,thenextweb,0.3
taner_bugra_kaya,techcrunch,0.3
taner_bugra_kaya,mashable,0.3
aitrainingdev,microsoft,0.2
aitrainingdev,techcrunch,0.2
adamsarwar,wired,0.2
adamsarwar,techcrunch,0.2
brentbagshaw,wired,0.2
brentbagshaw,techcrunch,0.2
jobtensor,digitaltrends,0.2
jobtensor,techcrunch,0.2
adammvictordev,techcrunch,0.2
adammvictordev,insidertech,0.2
adammvictordev,openai,0.2
tireesnorth,techcrunch,0.2
tireesnorth,engadget,0.2
prashants.96,techcrunch,0.2
prashants.96,insidertech,0.2
zedology,insidertech,0.2
zedology,techcrunch,0.2
zedology,mashable,0.2
zedology,cnet,0.2
firxworx,wired,0.2
firxworx,techcrunch,0.2
icedeckerz,digitaltrends,0.2
icedeckerz,techcrunch,0.2
jumaanjoe,techcrunch,0.2
jumaanjoe,mashable,0.2
afoteyannum,androidauthority,0.2
afoteyannum,techcrunch,0.2
afoteyannum,mkbhd,0.2
thecgtrollagain,techcrunch,0.2
thecgtrollagain,cnet,0.2
ryanmoore,androidauthority,0.2
ryanmoore,techcrunch,0.2
ryanmoore,mashable,0.2
visu_smart_official,openai,0.2
visu_smart_official,techcrunch,0.2
visu_smart_official,cnet,0.2
rrrufio,wired,0.2
rrrufio,techcrunch,0.2
rrrufio,mashable,0.2
devjonds,wired,0.2
devjonds,techcrunch,0.2
isabelcastronet,gitHub,0.2
isabelcastronet,techcrunch,0.2
isabelcastronet,cnet,0.2
pensive.turtles,techcrunch,0.2
pensive.turtles,mashable,0.2
manu_pasta,verge,0.2
manu_pasta,techcrunch,0.2
skqr,wired,0.2
skqr,techcrunch,0.2
lesyyazoryaana,digitaltrends,0.2
lesyyazoryaana,techcrunch,0.2
bookbookw,techcrunch,0.2
bookbookw,cnet,0.2
techsweepstakes,digitaltrends,0.2
techsweepstakes,techcrunch,0.2
chowzen_1,techcrunch,0.2
chowzen_1,mashable,0.2
chowzen_1,insidertech,0.2
reekinghav0k,wired,0.2
reekinghav0k,techcrunch,0.2
khaledalwaleed,techcrunch,0.2
khaledalwaleed,unboxtherapy,0.2
epicteam.ai,microsoft,0.2
epicteam.ai,techcrunch,0.2
add12,techcrunch,0.2
add12,mashable,0.2
add12,insidertech,0.2
jjwesker10,techcrunch,0.2
jjwesker10,insidertech,0.2
paladin991973,techcrunch,0.2
paladin991973,insidertech,0.2
atikul_islam9829,digitaltrends,0.2
atikul_islam9829,techcrunch,0.2
darkprincekendall,microsoft,0.2
darkprincekendall,techcrunch,0.2
john.gregorio90,appleinsider,0.2
john.gregorio90,techcrunch,0.2
nilo.river,digitaltrends,0.2
nilo.river,techcrunch,0.2
nilo.river,verge,0.2
rossimage,techcrunch,0.2
rossimage,insidertech,0.2
gizmokraze.us,verge,0.2
gizmokraze.us,gadgetflow,0.2
gizmokraze.us,wired,0.2
gizmokraze.us,techcrunch,0.2
gizmokraze.us,gizmodo,0.2
lakshyalark,androidauthority,0.2
lakshyalark,techcrunch,0.2
lakshyalark,theapplehub,0.2
brood.ai,digitaltrends,0.2
brood.ai,techcrunch,0.2
wauln,digitaltrends,0.2
wauln,techcrunch,0.2
wauln,insidertech,0.2
rodrigofdasneves,verge,0.2
rodrigofdasneves,techcrunch,0.2
gregrenon,techcrunch,0.2
gregrenon,engadget,0.2
usernamerobert_,techcrunch,0.2
usernamerobert_,insidertech,0.2
usernamerobert_,theapplehub,0.2
alberto.dsc,gitHub,0.2
alberto.dsc,techcrunch,0.2
tsmholding,digitaltrends,0.2
tsmholding,techcrunch,0.2
julerobb1,techcrunch,0.2
julerobb1,linustech,0.2
sillyasitsounds,techcrunch,0.2
sillyasitsounds,insidertech,0.2
the_nervous_mechanic,wired,0.2
the_nervous_mechanic,techcrunch,0.2
jay_r2251,wired,0.2
jay_r2251,techcrunch,0.2
brittanycity,microsoft,0.2
brittanycity,techcrunch,0.2
annieaburke,techcrunch,0.2
annieaburke,openai,0.2
tha_guz,wired,0.2
tha_guz,verge,0.2
tha_guz,techcrunch,0.2
ariannaintech,digitaltrends,0.2
ariannaintech,techcrunch,0.2
ariannaintech,insidertech,0.2
provantagesocial,digitaltrends,0.2
provantagesocial,techcrunch,0.2
darius.andrey,androidcentral,0.2
darius.andrey,techcrunch,0.2
markus_wunsch,microsoft,0.2
markus_wunsch,techcrunch,0.2
markus_wunsch,insidertech,0.2
johnnyxz10,androidauthority,0.2
johnnyxz10,techcrunch,0.2
azhars.work,verge,0.2
azhars.work,techcrunch,0.2
nuno_hipolito,gizmodo,0.2
nuno_hipolito,techcrunch,0.2
nuno_hipolito,mashable,0.2
thebusinessarchitect,digitaltrends,0.2
thebusinessarchitect,techcrunch,0.2
aiinatom,techcrunch,0.2
aiinatom,insidertech,0.2
hair.beststyle,microsoft,0.2
hair.beststyle,techcrunch,0.2
hair.beststyle,mkbhd,0.2
hair.beststyle,insidertech,0.2
astroeconomist,wired,0.2
astroeconomist,techcrunch,0.2
longbluesquid,techcrunch,0.2
longbluesquid,engadget,0.2
thedoryk,digitaltrends,0.2
thedoryk,techcrunch,0.2
arzubarske,techcrunch,0.2
arzubarske,insidertech,0.2
ninjatech.ai,digitaltrends,0.2
ninjatech.ai,techcrunch,0.2
333lifestrategy_,wired,0.2
333lifestrategy_,techcrunch,0.2
22marcelomedina,digitaltrends,0.2
22marcelomedina,microsoft,0.2
22marcelomedina,techcrunch,0.2
bizzit.ai,microsoft,0.2
bizzit.ai,techcrunch,0.2
seizethade,microsoft,0.2
seizethade,techcrunch,0.2
branmcnobre,wired,0.2
branmcnobre,techcrunch,0.2
branmcnobre,mashable,0.2
andyro452,techcrunch,0.2
andyro452,insidertech,0.2
ethan_menzel,appleinsider,0.2
ethan_menzel,digitaltrends,0.2
ethan_menzel,techcrunch,0.2
ethan_menzel,linustech,0.2
biit3tv,techcrunch,0.2
biit3tv,python.hub,0.2
edge.case,techcrunch,0.2
edge.case,mashable,0.2
evandarkdj,digitaltrends,0.2
evandarkdj,techcrunch,0.2
kearnsmatt,wired,0.2
kearnsmatt,techcrunch,0.2
paoloat514,techcrunch,0.2
paoloat514,linustech,0.2
serafindesigns,techcrunch,0.2
serafindesigns,mashable,0.2
onestar.tripadvisor.review,verge,0.2
onestar.tripadvisor.review,techcrunch,0.2
hellocitycabs,verge,0.2
hellocitycabs,techcrunch,0.2
iam_nick,digitaltrends,0.2
iam_nick,techcrunch,0.2
iam_nick,mashable,0.2
innovatology,wired,0.2
innovatology,techcrunch,0.2
ash.carr_,wired,0.2
ash.carr_,techcrunch,0.2
deanbilal,techcrunch,0.2
deanbilal,mashable,0.2
ozcol,techcrunch,0.2
ozcol,mashable,0.2
wlrs_ocean,wired,0.2
wlrs_ocean,techcrunch,0.2
kireru_,verge,0.2
kireru_,techcrunch,0.2
khanittha8549,wired,0.3
khanittha8549,digitaltrends,0.3
marowee_2000,wired,0.3
marowee_2000,digitaltrends,0.3
muh_sam_ali,wired,0.3
muh_sam_ali,mashable,0.3
magnusjpierce,wired,0.3
magnusjpierce,mashable,0.3
0_monika_yadav1,wired,0.3
0_monika_yadav1,digitaltrends,0.3
0_monika_yadav1,gadgetflow,0.3
jicky_ratha,wired,0.3
jicky_ratha,mashable,0.3
tylerdurdan10,wired,0.2
tylerdurdan10,mashable,0.2
garciaclaud.io,wired,0.2
garciaclaud.io,verge,0.2
zedsflare,wired,0.2
zedsflare,mashable,0.2
michael_mmcd,wired,0.2
michael_mmcd,mashable,0.2
michael_mmcd,insidertech,0.2
drewhytt,wired,0.2
drewhytt,verge,0.2
thejilesmccoy,wired,0.2
thejilesmccoy,gizmodo,0.2
dragchainreaction,wired,0.2
dragchainreaction,verge,0.2
billhtan,wired,0.2
billhtan,insidertech,0.2
jmbinst007,wired,0.2
jmbinst007,verge,0.2
socialmediaisfake21,wired,0.2
socialmediaisfake21,mashable,0.2
zaneleg3nd_,wired,0.2
zaneleg3nd_,digitaltrends,0.2
zaneleg3nd_,insidertech,0.2
oldboone,wired,0.2
oldboone,engadget,0.2
irealshingyc,wired,0.2
irealshingyc,mkbhd,0.2
tcrimson05t,wired,0.2
tcrimson05t,verge,0.2
tcrimson05t,mkbhd,0.2
ash_ketchum_bain,wired,0.2
ash_ketchum_bain,insidertech,0.2
textcrash,wired,0.2
textcrash,androidauthority,0.2
textcrash,engadget,0.2
cdkirven,wired,0.2
cdkirven,mashable,0.2
deborahn.1974,wired,0.2
deborahn.1974,cnet,0.2
quirkyzaj,wired,0.2
quirkyzaj,insidertech,0.2
elijah.616x,wired,0.2
elijah.616x,insidertech,0.2
crystalthegoodtroll,wired,0.2
crystalthegoodtroll,gitHub,0.2
m0j0jojo1,wired,0.2
m0j0jojo1,insidertech,0.2
theboldrini,wired,0.2
theboldrini,mkbhd,0.2
r_hybrid,wired,0.2
r_hybrid,verge,0.2
pej_vaki,mashable,0.3
pej_vaki,engadget,0.3
a.x.bcd,thenextweb,0.3
a.x.bcd,mashable,0.3
june_yrn1,mashable,0.3
june_yrn1,insidertech,0.3
ariffinho,mashable,0.3
ariffinho,engadget,0.3
mrtnhndl,gizmodo,0.3
mrtnhndl,mashable,0.3
mrtnhndl,engadget,0.3
isthedeadline,verge,0.2
isthedeadline,mashable,0.2
lejshi3,digitaltrends,0.2
lejshi3,mashable,0.2
hsshahi,digitaltrends,0.2
hsshahi,mashable,0.2
hsshahi,engadget,0.2
lifeissmoothe,mashable,0.2
lifeissmoothe,insidertech,0.2
deee_eeeeeep,digitaltrends,0.2
deee_eeeeeep,mashable,0.2
j_prspktv,mashable,0.2
j_prspktv,insidertech,0.2
paxton.xu,digitaltrends,0.2
paxton.xu,mashable,0.2
digitaldisciple_,mashable,0.2
digitaldisciple_,cnet,0.2
stanthonyproductions,unboxtherapy,0.2
stanthonyproductions,mashable,0.2
stanthonyproductions,cnet,0.2
sixonedude,mashable,0.2
sixonedude,insidertech,0.2
ntsoni,digitaltrends,0.2
ntsoni,mashable,0.2
somnomnom13,mashable,0.2
somnomnom13,javascript.js,0.2
techmazter,mashable,0.2
techmazter,openai,0.2
_stanlism,digitaltrends,0.2
_stanlism,mashable,0.2
vanessabogojel,gizmodo,0.2
vanessabogojel,mashable,0.2
electrumojo,gizmodo,0.2
electrumojo,mashable,0.2
gatordigi,digitaltrends,0.2
gatordigi,mashable,0.2
gatordigi,cnet,0.2
agentwalker,verge,0.2
agentwalker,mashable,0.2
_coinfidential_,digitaltrends,0.2
_coinfidential_,mashable,0.2
maurobrandao.pt,mashable,0.2
maurobrandao.pt,insidertech,0.2
socialjediseries,digitaltrends,0.2
socialjediseries,mashable,0.2
nsukrn,verge,0.2
nsukrn,mashable,0.2
nsukrn,cnet,0.2
jaughnekow,androidauthority,0.2
jaughnekow,mashable,0.2
tj.kavinsky,microsoft,0.3
tj.kavinsky,mashable,0.2
stefshere,mashable,0.2
stefshere,insidertech,0.2
caulmseh,androidcentral,0.2
caulmseh,mashable,0.2
jasonlozano_,digitaltrends,0.2
jasonlozano_,mashable,0.2
barefooteddragonkick,digitaltrends,0.2
barefooteddragonkick,mashable,0.2
barefooteddragonkick,engadget,0.2
vpnbolt7,thenextweb,0.3
vpnbolt7,gizmodo,0.3
adnorsir,thenextweb,0.3
adnorsir,gizmodo,0.3
one.__in__.billion,engadget,0.3
one.__in__.billion,techradar,0.3
one.__in__.billion,thenextweb,0.3
one.__in__.billion,gizmodo,0.3
one.__in__.billion,androidauthority,0.3
letmebesai,thenextweb,0.3
letmebesai,gizmodo,0.3
ilmujuragan,androidauthority,0.3
ilmujuragan,appleinsider,0.3
ilmujuragan,gizmodo,0.3
liztechnews,gizmodo,0.3
liztechnews,techradar,0.3
luxehouseplants,androidcentral,0.3
luxehouseplants,gizmodo,0.3
luxehouseplants,techradar,0.3
coditudehq,gizmodo,0.2
coditudehq,python.hub,0.2
wolfed_out,gizmodo,0.2
wolfed_out,theapplehub,0.2
213creativetech,gizmodo,0.2
213creativetech,engadget,0.2
heis_godfrey,digitaltrends,0.3
heis_godfrey,engadget,0.3
technopassage22,engadget,0.3
technopassage22,cnet,0.3
micromacpty,microsoft,0.2
micromacpty,engadget,0.3
lisentech,techradar,0.3
lisentech,engadget,0.3
danish_pradhana,verge,0.3
danish_pradhana,techradar,0.3
danish_pradhana,engadget,0.3
ai.robots.business,appleinsider,0.3
ai.robots.business,engadget,0.3
jonty.pants,digitaltrends,0.3
jonty.pants,engadget,0.3
theempirestrikesback,verge,0.2
theempirestrikesback,engadget,0.2
moyshiro83,engadget,0.2
moyshiro83,cnet,0.2
robzombie79,engadget,0.2
robzombie79,insidertech,0.2
rohitandley,androidauthority,0.2
rohitandley,verge,0.2
rohitandley,engadget,0.2
rohitandley,theapplehub,0.2
tristan.jorge,verge,0.2
tristan.jorge,engadget,0.2
mikeward1701,appleinsider,0.2
mikeward1701,verge,0.2
mikeward1701,engadget,0.2
mikeward1701,theapplehub,0.2
paulywoggsvoice,unboxtherapy,0.2
paulywoggsvoice,engadget,0.2
n__i__c__k0,androidcentral,0.2
n__i__c__k0,engadget,0.2
aman_9,unboxtherapy,0.2
aman_9,engadget,0.2
johnnydub1974,digitaltrends,0.2
johnnydub1974,verge,0.2
johnnydub1974,engadget,0.2
andyspaceman,verge,0.2
andyspaceman,engadget,0.2
_difiasco,engadget,0.2
_difiasco,insidertech,0.2
instamikeyy,androidauthority,0.2
instamikeyy,engadget,0.2
ovi_wan_kenobi,androidcentral,0.2
ovi_wan_kenobi,engadget,0.2
ovi_wan_kenobi,linustech,0.2
cintra_ann,verge,0.2
cintra_ann,engadget,0.2
ifowzy,engadget,0.2
ifowzy,insidertech,0.2
owlandtwine,engadget,0.2
owlandtwine,insidertech,0.2
usergarav,androidauthority,0.3
usergarav,digitaltrends,0.3
___mr_rossi,digitaltrends,0.3
___mr_rossi,insidertech,0.3
shell.chris,digitaltrends,0.3
shell.chris,insidertech,0.3
akkinasrikar,digitaltrends,0.3
akkinasrikar,theapplehub,0.3
thegadgetsgirl,verge,0.2
thegadgetsgirl,unboxtherapy,0.2
thegadgetsgirl,cnet,0.2
thegadgetsgirl,digitaltrends,0.2
thegadgetsgirl,androidcentral,0.2
thegadgetsgirl,mkbhd,0.2
thegadgetsgirl,theapplehub,0.2
respectwamanatt,digitaltrends,0.2
respectwamanatt,linustech,0.2
blockchain_project,digitaltrends,0.2
blockchain_project,linux.teach,0.2
hoonigandad,androidcentral,0.2
hoonigandad,digitaltrends,0.2
realdjroberto,digitaltrends,0.2
realdjroberto,cnet,0.2
iosuptodate,digitaltrends,0.2
iosuptodate,mobiscrub,0.2
iosuptodate,theapplehub,0.2
cavtena,digitaltrends,0.2
cavtena,microsoft,0.2
cavtena,openai,0.2
majidmasih1992,digitaltrends,0.2
majidmasih1992,mkbhd,0.2
iferds74,digitaltrends,0.2
iferds74,cnet,0.2
fatahiniafardad,digitaltrends,0.2
fatahiniafardad,microsoft,0.2
agam0tto_,androidauthority,0.2
agam0tto_,digitaltrends,0.2
agam0tto_,unboxtherapy,0.2
thatsonginmyhead,androidauthority,0.2
thatsonginmyhead,digitaltrends,0.2
lukecloudfoot,digitaltrends,0.2
lukecloudfoot,verge,0.2
deepenwadhwa,digitaltrends,0.2
deepenwadhwa,cnet,0.2
exception_null,digitaltrends,0.2
exception_null,mkbhd,0.2
cognitivecybersecurity,digitaltrends,0.2
cognitivecybersecurity,linux.teach,0.2
niranjanks91,digitaltrends,0.2
niranjanks91,insidertech,0.2
systemworkbackup,digitaltrends,0.2
systemworkbackup,insidertech,0.2
luiginumba1,androidauthority,0.2
luiginumba1,digitaltrends,0.2
gnanaprakash_2918,digitaltrends,0.2
gnanaprakash_2918,insidertech,0.2
soysa007,androidauthority,0.2
soysa007,digitaltrends,0.2
gatocomelonmeowmeow,digitaltrends,0.2
gatocomelonmeowmeow,theapplehub,0.2
egemen.ertem,digitaltrends,0.2
egemen.ertem,javascript.js,0.2
egemen.ertem,cnet,0.2
the_ios_magic,appleinsider,0.2
the_ios_magic,digitaltrends,0.2
0btuseprocessor,digitaltrends,0.2
0btuseprocessor,cnet,0.2
tophert1,digitaltrends,0.2
tophert1,insidertech,0.2
tophert1,cnet,0.2
carlos_n_pancake,digitaltrends,0.2
carlos_n_pancake,insidertech,0.2
abubakr1_mohamed,unboxtherapy,0.2
abubakr1_mohamed,cnet,0.2
everbloom,linustech,0.2
everbloom,cnet,0.2
erin_skm,mkbhd,0.2
erin_skm,cnet,0.2
asnyder0328,verge,0.2
asnyder0328,cnet,0.2
sted1000,androidauthority,0.2
sted1000,verge,0.2
sted1000,cnet,0.2
jusbnfrankwitu,mkbhd,0.2
jusbnfrankwitu,cnet,0.2
loughrey101,appleinsider,0.2
loughrey101,theapplehub,0.2
loughrey101,cnet,0.2
chiefjuan559,verge,0.2
chiefjuan559,cnet,0.2
kiwami,insidertech,0.2
kiwami,cnet,0.2
joeromano95,androidcentral,0.2
joeromano95,cnet,0.2
trakbondtrak,gadgetflow,0.2
trakbondtrak,cnet,0.2
bubacicek,microsoft,0.2
bubacicek,cnet,0.2
1brazuca,verge,0.2
1brazuca,cnet,0.2
aaronaarmijo,verge,0.2
aaronaarmijo,insidertech,0.2
aaronaarmijo,cnet,0.2
aostipr,microsoft,0.2
aostipr,cnet,0.2
cesar_varela_gutierrez,androidcentral,0.2
cesar_varela_gutierrez,cnet,0.2
oscar_yshy,androidauthority,0.2
oscar_yshy,cnet,0.2
pseddon.xvi,verge,0.2
pseddon.xvi,cnet,0.2
nikola_filip0vic,verge,0.2
nikola_filip0vic,cnet,0.2
hashim.alsughayer,appleinsider,0.3
hashim.alsughayer,theapplehub,0.3
labrinoudis_stef,androidauthority,0.3
labrinoudis_stef,theapplehub,0.3
applestyle,mkbhd,0.2
applestyle,theapplehub,0.2
herr_cm,verge,0.2
herr_cm,theapplehub,0.2
neel21_,verge,0.2
neel21_,mobiscrub,0.2
neel21_,theapplehub,0.2
nothatminimal,mkbhd,0.2
nothatminimal,theapplehub,0.2
prajwal.photos,mkbhd,0.2
prajwal.photos,theapplehub,0.2
toddioniqfosix,linustech,0.2
toddioniqfosix,theapplehub,0.2
abohtheel,verge,0.2
abohtheel,theapplehub,0.2
kp2066,appleinsider,0.2
kp2066,theapplehub,0.2
leelanzini,appleinsider,0.2
leelanzini,theapplehub,0.2
virtualxploreronline,unboxtherapy,0.2
virtualxploreronline,theapplehub,0.2
yvesclv,verge,0.2
yvesclv,theapplehub,0.2
zartehify,microsoft,0.2
zartehify,theapplehub,0.2
mageshsridhar,verge,0.2
mageshsridhar,theapplehub,0.2
r_sharma5,appleinsider,0.2
r_sharma5,theapplehub,0.2
dollarn9ne,mkbhd,0.2
dollarn9ne,theapplehub,0.2
appledsign,openai,0.2
appledsign,mkbhd,0.2
appledsign,theapplehub,0.2
a_naqi89,verge,0.2
a_naqi89,theapplehub,0.2
jamen1995,unboxtherapy,0.2
jamen1995,theapplehub,0.2
timmydancervegan20,appleinsider,0.2
timmydancervegan20,theapplehub,0.2
nordicwanderlusts,gitHub,0.2
nordicwanderlusts,theapplehub,0.2
zentrrmusic,linustech,0.2
zentrrmusic,mkbhd,0.2
zentrrmusic,theapplehub,0.2
jason_black_lock,openai,0.2
jason_black_lock,theapplehub,0.2
foxll77i,insidertech,0.2
foxll77i,mkbhd,0.2
foxll77i,theapplehub,0.2
perfildoeddie,androidcentral,0.3
perfildoeddie,androidauthority,0.3
oussamaaa_bahrouunn,androidcentral,0.3
oussamaaa_bahrouunn,androidauthority,0.3
oussamaaa_bahrouunn,techradar,0.3
wiamphone1,androidauthority,0.3
wiamphone1,verge,0.3
bosco_bothelo,androidauthority,0.3
bosco_bothelo,verge,0.2
sam_the_chad,androidauthority,0.2
sam_the_chad,verge,0.2
sam_the_chad,unboxtherapy,0.2
supra2jzgte,androidauthority,0.2
supra2jzgte,unboxtherapy,0.2
gt_fm,androidauthority,0.2
gt_fm,verge,0.2
kindofanmol,androidauthority,0.2
kindofanmol,mkbhd,0.2
krosskinetic,androidauthority,0.2
krosskinetic,mkbhd,0.2
frankthe1tank,androidauthority,0.2
frankthe1tank,verge,0.2
eph_edits,androidauthority,0.2
eph_edits,mkbhd,0.2
eph_edits,insidertech,0.2
dom.cr3,androidauthority,0.2
dom.cr3,linustech,0.2
dgstng,androidauthority,0.2
dgstng,verge,0.2
kahanseth90,techradar,0.3
kahanseth90,gadgetflow,0.3
spoutwater,unboxtherapy,0.2
spoutwater,gadgetflow,0.2
troythrill1,unboxtherapy,0.3
troythrill1,mkbhd,0.3
nas0ne,unboxtherapy,0.2
nas0ne,mkbhd,0.2
nourishcw,unboxtherapy,0.2
nourishcw,mkbhd,0.2
name_not_von,verge,0.2
name_not_von,unboxtherapy,0.2
meembom,unboxtherapy,0.2
meembom,mkbhd,0.2
aerospace_356,unboxtherapy,0.2
aerospace_356,mkbhd,0.2
zoostzoo,techradar,0.2
zoostzoo,unboxtherapy,0.2
varkeyjoshy,unboxtherapy,0.2
varkeyjoshy,mkbhd,0.2
ericmci,unboxtherapy,0.2
ericmci,mkbhd,0.2
thehopelessgeek,verge,0.2
thehopelessgeek,unboxtherapy,0.2
thehopelessgeek,mkbhd,0.2
nvmbr9th,verge,0.2
nvmbr9th,unboxtherapy,0.2
chandichatterpaul,androidcentral,0.2
chandichatterpaul,unboxtherapy,0.2
ammarmalik,verge,0.2
ammarmalik,unboxtherapy,0.2
ammarmalik,linustech,0.2
newgalaxys24,unboxtherapy,0.2
newgalaxys24,mkbhd,0.2
superscientific,unboxtherapy,0.2
superscientific,mkbhd,0.2
steven_tileman,unboxtherapy,0.2
steven_tileman,mkbhd,0.2
aqara.smarthome.official,techradar,0.2
aqara.smarthome.official,unboxtherapy,0.2
oniwura,unboxtherapy,0.2
oniwura,mkbhd,0.2
mellopowerofficial,unboxtherapy,0.2
mellopowerofficial,mkbhd,0.2
bigbeaubrown,unboxtherapy,0.2
bigbeaubrown,mkbhd,0.2
diego._vanderdys,unboxtherapy,0.2
diego._vanderdys,linustech,0.2
abhishekksharmaa,verge,0.3
abhishekksharmaa,linustech,0.3
rob.gpt,gitHub,0.2
rob.gpt,mkbhd,0.2
rob.gpt,linustech,0.2
nyiti.photo,mkbhd,0.2
nyiti.photo,linustech,0.2
atulyatejapadival,mobiscrub,0.2
atulyatejapadival,linustech,0.2
elias.sliman,openai,0.2
elias.sliman,linustech,0.2
kingdom_myles,microsoft,0.2
kingdom_myles,linustech,0.2
miday_i,mkbhd,0.2
miday_i,linustech,0.2
m1s1cler,microsoft,0.2
m1s1cler,linustech,0.2
outoftheboxyt,microsoft,0.2
outoftheboxyt,mkbhd,0.2
outoftheboxyt,linustech,0.2
quentography4,microsoft,0.2
quentography4,linustech,0.2
zachdnichols,mkbhd,0.2
zachdnichols,linustech,0.2
emperor_skittles,microsoft,0.2
emperor_skittles,linustech,0.2
benjamin22044,mkbhd,0.2
benjamin22044,linustech,0.2
anthony.chopra,insidertech,0.2
anthony.chopra,linustech,0.2
tommypdavies,mkbhd,0.2
tommypdavies,linustech,0.2
mr.lost.music,gitHub,0.2
mr.lost.music,linustech,0.2
mkh3n,verge,0.2
mkh3n,linustech,0.2
woflx.rx,androidcentral,0.2
woflx.rx,verge,0.2
technutso_,androidcentral,0.2
technutso_,verge,0.2
funnyapewithcollar,androidcentral,0.2
funnyapewithcollar,verge,0.2
vermincide,androidcentral,0.2
vermincide,mkbhd,0.2
edualara,appleinsider,0.2
edualara,verge,0.2
supersaf,thegadgetshow,0.2
supersaf,mkbhd,0.2
yokoshh,techradar,0.3
yokoshh,alcontech,0.3
technokutungwaa,techradar,0.2
technokutungwaa,mkbhd,0.2
allmightsgone,microsoft,0.2
allmightsgone,techradar,0.2
lcynote,mobiscrub,0.2
lcynote,mkbhd,0.2
samsungmobile,microsoft,0.2
samsungmobile,mkbhd,0.2
ekotechapps,verge,0.2
ekotechapps,mkbhd,0.2
nottodolist,mkbhd,0.2
nottodolist,openai,0.2
djmeechymeech,mkbhd,0.2
djmeechymeech,openai,0.2
dylanguerrero,verge,0.2
dylanguerrero,mkbhd,0.2
kernwei,verge,0.2
kernwei,mkbhd,0.2
tayllorlloyd,microsoft,0.2
tayllorlloyd,mkbhd,0.2
waltzinthestreet,mkbhd,0.2
waltzinthestreet,insidertech,0.2
savetimeai,verge,0.3
savetimeai,insidertech,0.3
martin_j_hammer,verge,0.2
martin_j_hammer,insidertech,0.2
ashishsinghxyz,verge,0.2
ashishsinghxyz,insidertech,0.2
alan.singh,verge,0.2
alan.singh,insidertech,0.2
sonny_wiessing,verge,0.2
sonny_wiessing,openai,0.2
sajamblues,verge,0.2
sajamblues,openai,0.2
danielfgom,verge,0.2
danielfgom,mobiscrub,0.2
_mohit_t26,linux.teach,0.2
_mohit_t26,csharp_dotnet,0.2
zzehra.ai,gitHub,0.3
zzehra.ai,insidertech,0.3
airappsco,gitHub,0.2
airappsco,microsoft,0.2
airappsco,insidertech,0.2
windowsinsider,gitHub,0.2
windowsinsider,microsoft,0.2
antonella.swe,gitHub,0.2
antonella.swe,microsoft,0.2
viet_lekhanh,gitHub,0.2
viet_lekhanh,microsoft,0.2
tech_tortoise,gitHub,0.2
tech_tortoise,python.hub,0.2
koddosnet,gitHub,0.2
koddosnet,microsoft,0.2
moderntechicalsolutions,gitHub,0.2
moderntechicalsolutions,microsoft,0.2
rarenet88,gitHub,0.2
rarenet88,microsoft,0.2
ev.codes,gitHub,0.2
ev.codes,javascript.js,0.2
ev.codes,madewithcode,0.2
newbie.ia,gitHub,0.2
newbie.ia,openai,0.2
seaforestlullaby,insidertech,0.2
seaforestlullaby,openai,0.2
faileverydamday,insidertech,0.2
faileverydamday,javascript.js,0.2
ainterestingupdate,insidertech,0.2
ainterestingupdate,openai,0.2
hchigoziedonatus,microsoft,0.2
hchigoziedonatus,insidertech,0.2
earllouie,microsoft,0.2
earllouie,insidertech,0.2
aicopilot,insidertech,0.2
aicopilot,openai,0.2
ainexusmatrix,insidertech,0.2
ainexusmatrix,openai,0.2
techbible.ai,python.hub,0.2
techbible.ai,insidertech,0.2
ai.spotlight,insidertech,0.2
ai.spotlight,openai,0.2
jleostrange,microsoft,0.3
jleostrange,openai,0.3
codeoxer,microsoft,0.2
codeoxer,python.hub,0.2
ai_with_genxi,microsoft,0.2
ai_with_genxi,openai,0.2
gaurav_daryanani,microsoft,0.2
gaurav_daryanani,openai,0.2
houseavenuepr,microsoft,0.2
houseavenuepr,openai,0.2
taditdash,microsoft,0.2
taditdash,openai,0.2
rakk206_,microsoft,0.2
rakk206_,openai,0.2
radinafzar_tech,python.hub,0.2
radinafzar_tech,openai,0.2
python.hub,linux.teach,0.2
python.hub,openai,0.2
python.science,linux.teach,0.2
python.science,python.hub,0.2
abodk7aled,python.hub,0.2
abodk7aled,javascript.js,0.2
viktorhonchar,linux.teach,0.2
viktorhonchar,javascript.js,0.2
viktorhonchar,madewithcode,0.2
